{"Training Start Time": 1701949718.7865913, "_timestamp": 1701949778.3352978, "_runtime": 63.054229736328125, "_step": 5, "Time": 1701949778.2576015, "Training End Time": 1701949778.3351853, "Total Training Time": 59.54859399795532, "_wandb": {"runtime": 61}}